"annotation_id","annotator","correct_answer","created_at","explanation","id","id_source","image_reference","image_target","label","lead_time","options","question","updated_at"
117,"1","Phrenic nerve palsy","2026-01-23T00:19:10.370377Z","Image 2 shows the right hilar mass has enlarged. The right hemidiaphragm is raised indicating phrenic nerve palsy due to compression or erosion by the mass.
There is no visible pleural effusion or pneumothorax.",865,"Chest_X_Ray_Quiz_2_Q04","https://raw.githubusercontent.com/serafb/RadiologyMC-dataset/main/images-2rx_annotation/Chest_X_Ray_Quiz_2__Q04_MERGED_ro.jpg","https://raw.githubusercontent.com/serafb/RadiologyMC-dataset/main/images-2rx_clean/Chest_X_Ray_Quiz_2__Q04_MERGED_base.jpg","[{""x"":50,""y"":60,""width"":26,""height"":16,""rotation"":0,""rectanglelabels"":[""ROI""],""original_width"":956,""original_height"":472}]",528.991,"Lung metastases | Phrenic nerve palsy | Right lower zone pneumonia | Right pleural effusion | Left pneumothorax","2 Images: Patient with lung cancer. Image 1 shows a right hilar mass. What complication has occurred at the time of image 2 which was acquired 4 months after image 1?","2026-01-23T00:19:10.370397Z"
118,"1","The previous image is irrelevant to interpretation of this image","2026-01-23T00:19:18.354667Z","The previous image (image 2) shows the heart was enlarged. The previous image is relevant to chest X-ray interpretation and should be viewed as a matter of routine whenever interpreting a chest X-ray.
Image 1 shows classic features of severe pulmonary oedema; the upper zone vessels are enlarged indicating pulmonary venous hypertension, bilateral shadowing indicates alveolar oedema, and bilateral costophrenic blunting indicates pleural effusions.
The combination of severe pulmonary oedema in a patient with previously documented cardiomegaly is consistent with the diagnosis of heart failure.",866,"Chest_X_Ray_Quiz_2_Q08","https://raw.githubusercontent.com/serafb/RadiologyMC-dataset/main/images-2rx_annotation/Chest_X_Ray_Quiz_2__Q08_MERGED_ro.jpg","https://raw.githubusercontent.com/serafb/RadiologyMC-dataset/main/images-2rx_clean/Chest_X_Ray_Quiz_2__Q08_MERGED_base.jpg","[{""x"":2,""y"":6,""width"":50,""height"":85,""rotation"":0,""rectanglelabels"":[""ROI""],""original_width"":1047,""original_height"":552},{""x"":63,""y"":5,""width"":29,""height"":7,""rotation"":0,""rectanglelabels"":[""ROI""],""original_width"":1047,""original_height"":552},{""x"":58,""y"":12,""width"":41,""height"":82,""rotation"":0,""rectanglelabels"":[""ROI""],""original_width"":1047,""original_height"":552}]",451.227,"The costophrenic angles are blunt | The upper zone vessels are enlarged | The previous image is irrelevant to interpretation of this image | The image is of adequate quality | The diagnosis is consistent with heart failure","2 IMAGES: Rapid onset shortness of breath and chest pain. A previous chest X-ray is shown for reference (image 2). Regarding image 1, which statement is FALSE?","2026-01-23T00:19:18.354690Z"
119,"1","Chest X-rays are not required routinely in the setting of clinically suspected uncomplicated rib fractures","2026-01-23T00:19:25.721694Z","Chest X-rays are not required routinely in the setting of uncomplicated clinically suspected rib fractures but can be requested if there is clinical suspicion of a complication such as a pneumothorax or haemothorax.
The detail image shows a rib fracture on the left.
The costophrenic angles are well-defined indicating there is no haemothorax.
Although the patient is a little rotated, a cause of chest pain – the rib fracture – is demonstrated so the image can be considered diagnostic.",867,"Chest_X_Ray_Quiz_3_Q06","https://raw.githubusercontent.com/serafb/RadiologyMC-dataset/main/images-2rx_annotation/Chest_X_Ray_Quiz_3__Q06_MERGED_ro.jpg","https://raw.githubusercontent.com/serafb/RadiologyMC-dataset/main/images-2rx_clean/Chest_X_Ray_Quiz_3__Q06_MERGED_base.jpg","[{""x"":58,""y"":25,""width"":6,""height"":14,""rotation"":0,""rectanglelabels"":[""ROI""],""original_width"":963,""original_height"":543},{""x"":81,""y"":69,""width"":5,""height"":30,""rotation"":0,""rectanglelabels"":[""ROI""],""original_width"":963,""original_height"":543},{""x"":78,""y"":58,""width"":2,""height"":6,""rotation"":0,""rectanglelabels"":[""ROI""],""original_width"":963,""original_height"":543},{""x"":74,""y"":38,""width"":6,""height"":20,""rotation"":0,""rectanglelabels"":[""ROI""],""original_width"":963,""original_height"":543},{""x"":70,""y"":34,""width"":4,""height"":15,""rotation"":0,""rectanglelabels"":[""ROI""],""original_width"":963,""original_height"":543},{""x"":64,""y"":29,""width"":6,""height"":15,""rotation"":0,""rectanglelabels"":[""ROI""],""original_width"":963,""original_height"":543},{""x"":80,""y"":48,""width"":5,""height"":21,""rotation"":0,""rectanglelabels"":[""ROI""],""original_width"":963,""original_height"":543}]",657.118,"Chest X-rays are not required routinely in the setting of clinically suspected uncomplicated rib fractures | There is no cause of chest pain demonstrated on these images | A normal chest X-ray excludes rib fractures | This image shows blunting of the left costophrenic angle indicating a haemothorax | The patient is rotated and so the image is non-diagnostic","2 IMAGES: Image 1 - full-sized image. Image 2 - detail image. Patient with chest pain. Which statement is true?","2026-01-23T00:19:25.721721Z"
120,"1","The azygo-oesophageal line","2026-01-23T00:19:47.508988Z","This is the azygo-oesophageal line. This line is formed by the contrast of the low-density lung at its interface with the relatively higher density soft tissues of the mediastinum formed by the vertically-orientated oesophagus and azygos vein.",868,"Chest_X_Ray_Quiz_4_Q06","https://raw.githubusercontent.com/serafb/RadiologyMC-dataset/main/images-2rx_annotation/Chest_X_Ray_Quiz_4__Q06_MERGED_ro.jpg","https://raw.githubusercontent.com/serafb/RadiologyMC-dataset/main/images-2rx_clean/Chest_X_Ray_Quiz_4__Q06_MERGED_base.jpg","[{""x"":70,""y"":2,""width"":9,""height"":80,""rotation"":0,""rectanglelabels"":[""ROI""],""original_width"":900,""original_height"":426}]",178.921,"The anterior junctional line | The right heart border | The right paratracheal stripe | The azygo-oesophageal line | The descending thoracic aorta","(2 Images: One with and one without marking.) What does the anatomical line marked on image 2 represent?","2026-01-23T00:19:47.509015Z"
121,"1","Areas of abnormally low density surrounded by enhancement post IV-contrast","2026-01-23T00:20:01.131684Z","A very large irregularly-shaped area of abnormally low density is present in the left cerebral hemisphere. This is causing mass effect evidenced by the effacement of the sulci on this side of the brain and shift of midline structures.
The post-contrast image shows enhancement of brain tissue surrounding the low density area.
This mass lesion appears intra-axial (intracerebral) rather than extra-axial (outside the brain).
Although it is possible that a metastasis has this appearance, there is only one lesion and so it is not ‘multiple’.
The appearances are not consistent with an acute primary intracerebral haemorrhage which would be of high density (white) on the pre-contrast image.",869,"CT_Brain_Quiz_1_Q04","https://raw.githubusercontent.com/serafb/RadiologyMC-dataset/main/images-2rx_annotation/CT_Brain_Quiz_1__Q04_MERGED_ro.jpg","https://raw.githubusercontent.com/serafb/RadiologyMC-dataset/main/images-2rx_clean/CT_Brain_Quiz_1__Q04_MERGED_base.jpg","[{""x"":77,""y"":33,""width"":17,""height"":43,""rotation"":0,""rectanglelabels"":[""ROI""],""original_width"":903,""original_height"":530},{""x"":26,""y"":34,""width"":17,""height"":41,""rotation"":0,""rectanglelabels"":[""ROI""],""original_width"":903,""original_height"":530}]",202.606,"Increased density consistent with a subdural collection | Multiple areas of enhancement due to metastases | Areas of abnormally low density with the typical distribution of a territorial infarct | Areas of abnormally low density surrounded by enhancement post IV-contrast | Increased density consistent with an acute primary intracerebral haemorrhage","(Pre and post contrast images): Which description most accurately describes the findings on these two images?","2026-01-24T18:38:41.580397Z"
122,"1","Abnormal low density of white matter representing cerebral oedema","2026-01-23T00:20:06.114945Z","A small rounded focus of slightly high density on the pre-contrast image enhances on the post-contrast image. The post-contrast image also shows multiple other foci of enhancement. These are typical appearances of brain metastases.
Both the pre and post-IV contrast images show a large area of abnormally low density within white matter due to cerebral oedema.
Acute bleeding results in areas of high density on the pre-contrast image which would not enhance post contrast.
There is no intracerebral calcification visible on these CT images.",870,"CT_Brain_Quiz_1_Q06","https://raw.githubusercontent.com/serafb/RadiologyMC-dataset/main/images-2rx_annotation/CT_Brain_Quiz_1__Q06_MERGED_ro.jpg","https://raw.githubusercontent.com/serafb/RadiologyMC-dataset/main/images-2rx_clean/CT_Brain_Quiz_1__Q06_MERGED_base.jpg","[{""x"":4,""y"":40,""width"":3,""height"":36,""rotation"":0,""rectanglelabels"":[""ROI""],""original_width"":900,""original_height"":521},{""x"":15,""y"":4,""width"":18,""height"":92,""rotation"":0,""rectanglelabels"":[""ROI""],""original_width"":900,""original_height"":521},{""x"":43,""y"":43,""width"":2,""height"":31,""rotation"":0,""rectanglelabels"":[""ROI""],""original_width"":900,""original_height"":521},{""x"":41,""y"":29,""width"":2,""height"":51,""rotation"":0,""rectanglelabels"":[""ROI""],""original_width"":900,""original_height"":521},{""x"":37,""y"":14,""width"":4,""height"":75,""rotation"":0,""rectanglelabels"":[""ROI""],""original_width"":900,""original_height"":521},{""x"":7,""y"":15,""width"":4,""height"":70,""rotation"":0,""rectanglelabels"":[""ROI""],""original_width"":900,""original_height"":521},{""x"":65,""y"":6,""width"":4,""height"":88,""rotation"":0,""rectanglelabels"":[""ROI""],""original_width"":900,""original_height"":521},{""x"":56,""y"":20,""width"":3,""height"":62,""rotation"":0,""rectanglelabels"":[""ROI""],""original_width"":900,""original_height"":521},{""x"":69,""y"":4,""width"":18,""height"":94,""rotation"":0,""rectanglelabels"":[""ROI""],""original_width"":900,""original_height"":521},{""x"":54,""y"":43,""width"":2,""height"":27,""rotation"":0,""rectanglelabels"":[""ROI""],""original_width"":900,""original_height"":521},{""x"":93,""y"":44,""width"":2,""height"":30,""rotation"":0,""rectanglelabels"":[""ROI""],""original_width"":900,""original_height"":521},{""x"":91,""y"":29,""width"":2,""height"":51,""rotation"":0,""rectanglelabels"":[""ROI""],""original_width"":900,""original_height"":521},{""x"":87,""y"":14,""width"":4,""height"":75,""rotation"":0,""rectanglelabels"":[""ROI""],""original_width"":900,""original_height"":521},{""x"":59,""y"":9,""width"":6,""height"":82,""rotation"":0,""rectanglelabels"":[""ROI""],""original_width"":900,""original_height"":521},{""x"":33,""y"":8,""width"":4,""height"":86,""rotation"":0,""rectanglelabels"":[""ROI""],""original_width"":900,""original_height"":521},{""x"":11,""y"":9,""width"":4,""height"":82,""rotation"":0,""rectanglelabels"":[""ROI""],""original_width"":900,""original_height"":521}]",1807.0799999999997,"Abnormal low density of white matter representing cerebral oedema | Areas of high density representing recent subarachnoid bleeding | Areas of high density representing recent subdural bleeding | Areas of high density representing recent intracerebral bleeding | Areas of normal intracerebral calcification","(Pre and post contrast CT images of the brain show cerebral metastasis): What else is present?","2026-01-24T18:42:31.830420Z"
123,"1","Sphenoid sinus","2026-01-23T00:20:10.909922Z","The sinuses of the skull contain air and so are completely black on CT; they have the same density as the air surrounding the head.
The sphenoid sinus is highlighted in orange (roll-over image). It has very variable appearance and can be split into two or more compartments.
The pituitary fossa (not visible) contains the pituitary gland which is of similar density to the brain.
Some of the other sinuses and air cells of the skull are highlighted.",871,"CT_Brain_Quiz_1_Q08","https://raw.githubusercontent.com/serafb/RadiologyMC-dataset/main/images-2rx_annotation/CT_Brain_Quiz_1__Q08_MERGED_ro.jpg","https://raw.githubusercontent.com/serafb/RadiologyMC-dataset/main/images-2rx_clean/CT_Brain_Quiz_1__Q08_MERGED_base.jpg","[{""x"":60,""y"":6,""width"":30,""height"":40,""rotation"":0,""rectanglelabels"":[""ROI""],""original_width"":900,""original_height"":499},{""x"":57,""y"":46,""width"":37,""height"":36,""rotation"":0,""rectanglelabels"":[""ROI""],""original_width"":900,""original_height"":499}]",309.76800000000003,"Sphenoid sinus | Ethmoid air cell | Mastoid air cell | Pituitary fossa | Frontal sinus","CT brain on bone window settings - 2 images: Which anatomical structure is highlighted in orange on image 2?","2026-01-24T18:44:53.809174Z"
124,"1","Mass with central enhancement","2026-01-23T00:30:53.104617Z","A large mass in the left cerebral hemisphere is causing mass effect with effacement of the sulci and left lateral ventricle (asterisk).
Low density surrounding the mass indicates vasogenic oedema of white matter.
The mass enhances peripherally but not centrally. The central portion of the mass is avascular due to cell necrosis.
Note:Abscess is a differential diagnosis",872,"CT_Brain_Quiz_2_Q08","https://raw.githubusercontent.com/serafb/RadiologyMC-dataset/main/images-2rx_annotation/CT_Brain_Quiz_2__Q08_MERGED_ro.jpg","https://raw.githubusercontent.com/serafb/RadiologyMC-dataset/main/images-2rx_clean/CT_Brain_Quiz_2__Q08_MERGED_base.jpg","[{""x"":33,""y"":10,""width"":7,""height"":77,""rotation"":0,""rectanglelabels"":[""ROI""],""original_width"":900,""original_height"":530},{""x"":40,""y"":21,""width"":6,""height"":55,""rotation"":0,""rectanglelabels"":[""ROI""],""original_width"":900,""original_height"":530},{""x"":9,""y"":60,""width"":7,""height"":21,""rotation"":0,""rectanglelabels"":[""ROI""],""original_width"":900,""original_height"":530},{""x"":4,""y"":28,""width"":12,""height"":32,""rotation"":0,""rectanglelabels"":[""ROI""],""original_width"":900,""original_height"":530},{""x"":6,""y"":60,""width"":3,""height"":9,""rotation"":0,""rectanglelabels"":[""ROI""],""original_width"":900,""original_height"":530},{""x"":16,""y"":5,""width"":17,""height"":83,""rotation"":0,""rectanglelabels"":[""ROI""],""original_width"":900,""original_height"":530},{""x"":11,""y"":7,""width"":5,""height"":21,""rotation"":0,""rectanglelabels"":[""ROI""],""original_width"":900,""original_height"":530},{""x"":6,""y"":14,""width"":5,""height"":14,""rotation"":0,""rectanglelabels"":[""ROI""],""original_width"":900,""original_height"":530},{""x"":83,""y"":10,""width"":7,""height"":77,""rotation"":0,""rectanglelabels"":[""ROI""],""original_width"":900,""original_height"":530},{""x"":90,""y"":21,""width"":6,""height"":55,""rotation"":0,""rectanglelabels"":[""ROI""],""original_width"":900,""original_height"":530},{""x"":59,""y"":60,""width"":7,""height"":21,""rotation"":0,""rectanglelabels"":[""ROI""],""original_width"":900,""original_height"":530},{""x"":54,""y"":28,""width"":12,""height"":32,""rotation"":0,""rectanglelabels"":[""ROI""],""original_width"":900,""original_height"":530},{""x"":56,""y"":60,""width"":3,""height"":9,""rotation"":0,""rectanglelabels"":[""ROI""],""original_width"":900,""original_height"":530},{""x"":66,""y"":5,""width"":17,""height"":84,""rotation"":0,""rectanglelabels"":[""ROI""],""original_width"":900,""original_height"":530},{""x"":61,""y"":7,""width"":5,""height"":21,""rotation"":0,""rectanglelabels"":[""ROI""],""original_width"":900,""original_height"":530},{""x"":56,""y"":14,""width"":5,""height"":14,""rotation"":0,""rectanglelabels"":[""ROI""],""original_width"":900,""original_height"":530}]",674.938,"Ventricular effacement | Sulcal effacement | Mass with central enhancement | Mass with peripheral enhancement | White matter oedema","2 CT brain images, pre and post-contrast: Patient with worsening headache. Which finding is NOT present?","2026-01-24T18:45:13.884344Z"
125,"1","Movement artifact","2026-01-23T00:38:42.003266Z","This elderly patient presented with confusion and he could not co-operate with instructions to keep still in the CT scanner.
The images have been acquired while the patient is shaking his head. Image quality is non-diagnostic.
A repeat scan later showed no acute abnormality. The confusion was due to a urinary infection, a much more common cause of confusion in elderly patients than intracranial pathology.",873,"CT_Brain_Quiz_2_Q09","https://raw.githubusercontent.com/serafb/RadiologyMC-dataset/main/images-2rx_annotation/CT_Brain_Quiz_2__Q09_MERGED_ro.jpg","https://raw.githubusercontent.com/serafb/RadiologyMC-dataset/main/images-2rx_clean/CT_Brain_Quiz_2__Q09_MERGED_base.jpg","[{""x"":33,""y"":10,""width"":7,""height"":77,""rotation"":0,""rectanglelabels"":[""ROI""],""original_width"":900,""original_height"":532},{""x"":40,""y"":21,""width"":6,""height"":55,""rotation"":0,""rectanglelabels"":[""ROI""],""original_width"":900,""original_height"":532},{""x"":6,""y"":60,""width"":10,""height"":27,""rotation"":0,""rectanglelabels"":[""ROI""],""original_width"":900,""original_height"":532},{""x"":4,""y"":28,""width"":12,""height"":32,""rotation"":0,""rectanglelabels"":[""ROI""],""original_width"":900,""original_height"":532},{""x"":16,""y"":8,""width"":17,""height"":83,""rotation"":0,""rectanglelabels"":[""ROI""],""original_width"":900,""original_height"":532},{""x"":10,""y"":19,""width"":6,""height"":9,""rotation"":0,""rectanglelabels"":[""ROI""],""original_width"":900,""original_height"":532},{""x"":83,""y"":10,""width"":7,""height"":77,""rotation"":0,""rectanglelabels"":[""ROI""],""original_width"":900,""original_height"":532},{""x"":90,""y"":18,""width"":7,""height"":63,""rotation"":0,""rectanglelabels"":[""ROI""],""original_width"":900,""original_height"":532},{""x"":52,""y"":28,""width"":14,""height"":61,""rotation"":0,""rectanglelabels"":[""ROI""],""original_width"":900,""original_height"":532},{""x"":66,""y"":8,""width"":17,""height"":85,""rotation"":0,""rectanglelabels"":[""ROI""],""original_width"":900,""original_height"":532},{""x"":56,""y"":19,""width"":10,""height"":9,""rotation"":0,""rectanglelabels"":[""ROI""],""original_width"":900,""original_height"":532}]",458.94199999999995,"Abnormal brain not compatible with life | Severe skull fracturing | Multiple areas of extra-axial haemorrhage | Movement artifact | Calcification of scalp soft tissues","2 CT brain images, brain and bone window settings:  What do these images show?","2026-01-24T18:45:42.899170Z"
126,"1","Posterior fossa meningioma","2026-01-23T00:43:17.123405Z","These are typical appearances of a meningioma.
This enhancing mass arises from the dura mater; in this case from the tentorium cerebelli, a sheet of dura mater which separates the posterior fossa structures from the rest of the brain.
The mass compresses the adjacent cerebellum.",874,"CT_Brain_Quiz_2_Q10","https://raw.githubusercontent.com/serafb/RadiologyMC-dataset/main/images-2rx_annotation/CT_Brain_Quiz_2__Q10_MERGED_ro.jpg","https://raw.githubusercontent.com/serafb/RadiologyMC-dataset/main/images-2rx_clean/CT_Brain_Quiz_2__Q10_MERGED_base.jpg","[{""x"":54,""y"":50,""width"":40,""height"":30,""rotation"":0,""rectanglelabels"":[""ROI""],""original_width"":900,""original_height"":565},{""x"":5,""y"":50,""width"":37,""height"":30,""rotation"":0,""rectanglelabels"":[""ROI""],""original_width"":900,""original_height"":565}]",287.117,"Subdural collection | Subarachnoid haemorrhage | Intraventricular haemorrhage | Extradural haematoma | Posterior fossa meningioma","2 CT brain images, pre and post-contrast: Patient with worsening postural headache and cerebellar signs. What is the most likely diagnosis?","2026-01-23T00:43:17.123436Z"
127,"1","No injury","2026-01-23T00:44:51.261171Z","No bone injury. Alignment of all the joints   is normal. No soft tissue swelling.",875,"Trauma_X_Ray_Quiz_1_Lower_Limb_Q01","https://raw.githubusercontent.com/serafb/RadiologyMC-dataset/main/images-2rx_annotation/Trauma_X_Ray_Quiz_1_Lower_Limb__Q01_MERGED_ro.jpg","https://raw.githubusercontent.com/serafb/RadiologyMC-dataset/main/images-2rx_clean/Trauma_X_Ray_Quiz_1_Lower_Limb__Q01_MERGED_base.jpg","[{""x"":60,""y"":18,""width"":23,""height"":55,""rotation"":0,""rectanglelabels"":[""ROI""],""original_width"":1024,""original_height"":603},{""x"":4,""y"":35,""width"":34,""height"":60,""rotation"":0,""rectanglelabels"":[""ROI""],""original_width"":1024,""original_height"":603}]",128.24599999999998,"Injury | No injury","Twisted ankle. Pain medially and laterally. AP and lateral views.","2026-01-23T00:44:51.261192Z"
128,"1","Injury","2026-01-23T00:45:22.907710Z","Fracture of the fifth metatarsal shaft.",876,"Trauma_X_Ray_Quiz_1_Lower_Limb_Q02","https://raw.githubusercontent.com/serafb/RadiologyMC-dataset/main/images-2rx_annotation/Trauma_X_Ray_Quiz_1_Lower_Limb__Q02_MERGED_ro.jpg","https://raw.githubusercontent.com/serafb/RadiologyMC-dataset/main/images-2rx_clean/Trauma_X_Ray_Quiz_1_Lower_Limb__Q02_MERGED_base.jpg","[{""x"":65,""y"":47,""width"":7,""height"":7,""rotation"":0,""rectanglelabels"":[""ROI""],""original_width"":933,""original_height"":827},{""x"":11,""y"":53,""width"":7,""height"":7,""rotation"":0,""rectanglelabels"":[""ROI""],""original_width"":933,""original_height"":827}]",57.57,"Injury | No injury","Twisting injury. Painful foot. DP and oblique views.","2026-01-23T00:45:22.907730Z"
129,"1","No Injury","2026-01-24T18:47:50.817242Z","No fracture. Normal soft tissues. Normal knee joint alignment.",877,"Trauma_X_Ray_Quiz_1_Lower_Limb_Q04","https://raw.githubusercontent.com/serafb/RadiologyMC-dataset/main/images-2rx_annotation/Trauma_X_Ray_Quiz_1_Lower_Limb__Q04_MERGED_ro.jpg","https://raw.githubusercontent.com/serafb/RadiologyMC-dataset/main/images-2rx_clean/Trauma_X_Ray_Quiz_1_Lower_Limb__Q04_MERGED_base.jpg","[{""x"":5,""y"":15,""width"":33,""height"":72,""rotation"":0,""rectanglelabels"":[""ROI""],""original_width"":1036,""original_height"":459},{""x"":54,""y"":5,""width"":40,""height"":74,""rotation"":0,""rectanglelabels"":[""ROI""],""original_width"":1036,""original_height"":459}]",114.30000000000001,"Injury | No Injury","Hyperextension injury to knee. Pain and tenderness medially. AP and lateral views.","2026-01-24T18:47:50.817264Z"
130,"1","Injury","2026-01-24T18:53:27.605696Z","Transverse fracture of the fourth toe proximal phalanx with minor valgus angulation.",878,"Trauma_X_Ray_Quiz_1_Lower_Limb_Q06","https://raw.githubusercontent.com/serafb/RadiologyMC-dataset/main/images-2rx_annotation/Trauma_X_Ray_Quiz_1_Lower_Limb__Q06_MERGED_ro.jpg","https://raw.githubusercontent.com/serafb/RadiologyMC-dataset/main/images-2rx_clean/Trauma_X_Ray_Quiz_1_Lower_Limb__Q06_MERGED_base.jpg","[{""x"":75,""y"":38,""width"":9,""height"":13,""rotation"":0,""rectanglelabels"":[""ROI""],""original_width"":1063,""original_height"":643},{""x"":25,""y"":60,""width"":13,""height"":24,""rotation"":0,""rectanglelabels"":[""ROI""],""original_width"":1063,""original_height"":643},{""x"":79,""y"":51,""width"":10,""height"":19,""rotation"":0,""rectanglelabels"":[""ROI""],""original_width"":1063,""original_height"":643}]",399.586,"Injury | No injury","Direct trauma to toes. Pain and tenderness. DP and oblique views.","2026-01-24T18:53:27.605717Z"
131,"1","Injury","2026-01-24T18:59:54.650485Z","Subtle tibial fracture with lipohaemarthorsis",879,"Trauma_X_Ray_Quiz_1_Lower_Limb_Q07","https://raw.githubusercontent.com/serafb/RadiologyMC-dataset/main/images-2rx_annotation/Trauma_X_Ray_Quiz_1_Lower_Limb__Q07_MERGED_ro.jpg","https://raw.githubusercontent.com/serafb/RadiologyMC-dataset/main/images-2rx_clean/Trauma_X_Ray_Quiz_1_Lower_Limb__Q07_MERGED_base.jpg","[{""x"":16,""y"":50,""width"":8,""height"":28,""rotation"":0,""rectanglelabels"":[""ROI""],""original_width"":1221,""original_height"":574},{""x"":47,""y"":6,""width"":45,""height"":70,""rotation"":0,""rectanglelabels"":[""ROI""],""original_width"":1221,""original_height"":574}]",421.043,"Injury | No injury","Direct trauma to the lateral side of the knee.","2026-01-24T18:59:54.650506Z"
132,"1","No injury","2026-01-24T19:01:10.390878Z","Normal 5th metatarsal apophysis.",880,"Trauma_X_Ray_Quiz_1_Lower_Limb_Q08","https://raw.githubusercontent.com/serafb/RadiologyMC-dataset/main/images-2rx_annotation/Trauma_X_Ray_Quiz_1_Lower_Limb__Q08_MERGED_ro.jpg","https://raw.githubusercontent.com/serafb/RadiologyMC-dataset/main/images-2rx_clean/Trauma_X_Ray_Quiz_1_Lower_Limb__Q08_MERGED_base.jpg","[{""x"":82,""y"":68,""width"":7,""height"":9,""rotation"":0,""rectanglelabels"":[""ROI""],""original_width"":948,""original_height"":689},{""x"":33,""y"":68,""width"":7,""height"":9,""rotation"":0,""rectanglelabels"":[""ROI""],""original_width"":948,""original_height"":689}]",108.006,"Injury | No injury","Direct trauma to foot. Painful metatarsals. DP and oblique images.","2026-01-24T19:01:10.390899Z"
133,"1","Injury","2026-01-24T19:01:40.861924Z","Break in the cortex of the fourth metatarsal distally.
The fracture is more easily seen on the DP view and is barely visible on the oblique image.",881,"Trauma_X_Ray_Quiz_1_Lower_Limb_Q10","https://raw.githubusercontent.com/serafb/RadiologyMC-dataset/main/images-2rx_annotation/Trauma_X_Ray_Quiz_1_Lower_Limb__Q10_MERGED_ro.jpg","https://raw.githubusercontent.com/serafb/RadiologyMC-dataset/main/images-2rx_clean/Trauma_X_Ray_Quiz_1_Lower_Limb__Q10_MERGED_base.jpg","[{""x"":67,""y"":46,""width"":6,""height"":14,""rotation"":0,""rectanglelabels"":[""ROI""],""original_width"":900,""original_height"":529},{""x"":14,""y"":52,""width"":6,""height"":15,""rotation"":0,""rectanglelabels"":[""ROI""],""original_width"":900,""original_height"":529}]",78.721,"Injury | No injury","Dropped heavy weight on foot. Painful foot. Tender metatarsals.","2026-01-24T19:01:40.861946Z"
134,"1","Injury","2026-01-24T19:05:41.445804Z","Oblique fracture of the little finger metacarpal.",882,"Trauma_X_Ray_Quiz_1_Upper_Limb_Q01","https://raw.githubusercontent.com/serafb/RadiologyMC-dataset/main/images-2rx_annotation/Trauma_X_Ray_Quiz_1_Upper_Limb__Q01_MERGED_ro.jpg","https://raw.githubusercontent.com/serafb/RadiologyMC-dataset/main/images-2rx_clean/Trauma_X_Ray_Quiz_1_Upper_Limb__Q01_MERGED_base.jpg","[{""x"":13,""y"":63,""width"":6,""height"":5,""rotation"":0,""rectanglelabels"":[""ROI""],""original_width"":916,""original_height"":633},{""x"":62,""y"":56,""width"":7,""height"":17,""rotation"":0,""rectanglelabels"":[""ROI""],""original_width"":916,""original_height"":633},{""x"":12,""y"":55,""width"":5,""height"":8,""rotation"":0,""rectanglelabels"":[""ROI""],""original_width"":916,""original_height"":633},{""x"":14,""y"":68,""width"":6,""height"":7,""rotation"":0,""rectanglelabels"":[""ROI""],""original_width"":916,""original_height"":633}]",327.261,"No injury | Injury","Punch injury to hand.  DP and Oblique views.","2026-01-24T19:06:59.549411Z"
135,"1","No injury","2026-01-24T19:08:05.965804Z","Normal glenohumeral joint alignment.
No fracture.",883,"Trauma_X_Ray_Quiz_1_Upper_Limb_Q02","https://raw.githubusercontent.com/serafb/RadiologyMC-dataset/main/images-2rx_annotation/Trauma_X_Ray_Quiz_1_Upper_Limb__Q02_MERGED_ro.jpg","https://raw.githubusercontent.com/serafb/RadiologyMC-dataset/main/images-2rx_clean/Trauma_X_Ray_Quiz_1_Upper_Limb__Q02_MERGED_base.jpg","[{""x"":55,""y"":12,""width"":36,""height"":67,""rotation"":0,""rectanglelabels"":[""ROI""],""original_width"":982,""original_height"":439},{""x"":5,""y"":13,""width"":41,""height"":70,""rotation"":0,""rectanglelabels"":[""ROI""],""original_width"":982,""original_height"":439}]",124.84200000000001,"Injury | No injury","Fall on shoulder. Pain and reduced range of movement. AP and Axial views.","2026-01-24T19:08:05.965828Z"
136,"1","No injury","2026-01-24T19:13:15.942656Z","Normal glenohumeral joint alignment.
No fracture.",884,"Trauma_X_Ray_Quiz_1_Upper_Limb_Q03","https://raw.githubusercontent.com/serafb/RadiologyMC-dataset/main/images-2rx_annotation/Trauma_X_Ray_Quiz_1_Upper_Limb__Q03_MERGED_ro.jpg","https://raw.githubusercontent.com/serafb/RadiologyMC-dataset/main/images-2rx_clean/Trauma_X_Ray_Quiz_1_Upper_Limb__Q03_MERGED_base.jpg","[{""x"":52,""y"":45,""width"":15,""height"":34,""rotation"":0,""rectanglelabels"":[""ROI""],""original_width"":900,""original_height"":237},{""x"":28,""y"":20,""width"":18,""height"":29,""rotation"":0,""rectanglelabels"":[""ROI""],""original_width"":900,""original_height"":237},{""x"":20,""y"":35,""width"":8,""height"":29,""rotation"":0,""rectanglelabels"":[""ROI""],""original_width"":900,""original_height"":237},{""x"":4,""y"":44,""width"":16,""height"":31,""rotation"":0,""rectanglelabels"":[""ROI""],""original_width"":900,""original_height"":237},{""x"":67,""y"":49,""width"":8,""height"":20,""rotation"":0,""rectanglelabels"":[""ROI""],""original_width"":900,""original_height"":237},{""x"":75,""y"":41,""width"":20,""height"":26,""rotation"":0,""rectanglelabels"":[""ROI""],""original_width"":900,""original_height"":237}]",328.653,"Injury | No injury","Fall on outstretched hand. Clavicle pain and tenderness. 2 AP views.","2026-01-24T19:13:15.942701Z"
137,"1","Foreign body","2026-01-24T19:14:57.699277Z","Glass foreign bodies.",885,"Trauma_X_Ray_Quiz_1_Upper_Limb_Q05","https://raw.githubusercontent.com/serafb/RadiologyMC-dataset/main/images-2rx_annotation/Trauma_X_Ray_Quiz_1_Upper_Limb__Q05_MERGED_ro.jpg","https://raw.githubusercontent.com/serafb/RadiologyMC-dataset/main/images-2rx_clean/Trauma_X_Ray_Quiz_1_Upper_Limb__Q05_MERGED_base.jpg","[{""x"":71,""y"":55,""width"":5,""height"":10,""rotation"":0,""rectanglelabels"":[""ROI""],""original_width"":939,""original_height"":462},{""x"":33,""y"":60,""width"":7,""height"":12,""rotation"":0,""rectanglelabels"":[""ROI""],""original_width"":939,""original_height"":462}]",106.69,"Foreign body | No foreign body","Injury to elbow when intoxicated. Wound to skin. AP and Lateral views.","2026-01-24T19:14:57.699298Z"
138,"1","Injury","2026-01-24T19:15:19.903650Z","Volar plate injury.
A small fragment of cortical bone has avulsed from the base of the middle finger middle phalanx base.",886,"Trauma_X_Ray_Quiz_1_Upper_Limb_Q09","https://raw.githubusercontent.com/serafb/RadiologyMC-dataset/main/images-2rx_annotation/Trauma_X_Ray_Quiz_1_Upper_Limb__Q09_MERGED_ro.jpg","https://raw.githubusercontent.com/serafb/RadiologyMC-dataset/main/images-2rx_clean/Trauma_X_Ray_Quiz_1_Upper_Limb__Q09_MERGED_base.jpg","[{""x"":68,""y"":40,""width"":11,""height"":10,""rotation"":0,""rectanglelabels"":[""ROI""],""original_width"":949,""original_height"":795}]",203.904,"Injury | No injury","Hyperextension injury to middle finger. Pain and reduced movement.","2026-01-24T19:18:05.464353Z"
139,"1","Injury","2026-01-24T19:18:37.509902Z","Posterior dislocation of the glenohumeral joint.
AP view:The joint is widened and the humeral head is internally rotated. It appears more rounded than normal – the ‘light bulb’ sign.
Y-view:The humeral head (blue line) is posteriorly dislocated (arrow) from the glenoid of the scapula (red line).",887,"Trauma_X_Ray_Quiz_1_Upper_Limb_Q10","https://raw.githubusercontent.com/serafb/RadiologyMC-dataset/main/images-2rx_annotation/Trauma_X_Ray_Quiz_1_Upper_Limb__Q10_MERGED_ro.jpg","https://raw.githubusercontent.com/serafb/RadiologyMC-dataset/main/images-2rx_clean/Trauma_X_Ray_Quiz_1_Upper_Limb__Q10_MERGED_base.jpg","[{""x"":55,""y"":23,""width"":31,""height"":49,""rotation"":0,""rectanglelabels"":[""ROI""],""original_width"":945,""original_height"":501},{""x"":6,""y"":26,""width"":23,""height"":46,""rotation"":0,""rectanglelabels"":[""ROI""],""original_width"":945,""original_height"":501}]",50.487,"Injury | No injury","Trauma to shoulder. Pain and reduced movement. AP and Y-views.","2026-01-24T19:18:37.509927Z"
140,"1","No injury","2026-01-24T19:30:12.411944Z","Normal OM and OM 30 views.
Assessment of the McGrigor-Campbell lines shows no injury.",888,"Trauma_X_Ray_Quiz_4_Whole_Skeleton_Q01","https://raw.githubusercontent.com/serafb/RadiologyMC-dataset/main/images-2rx_annotation/Trauma_X_Ray_Quiz_4_Whole_Skeleton__Q01_MERGED_ro.jpg","https://raw.githubusercontent.com/serafb/RadiologyMC-dataset/main/images-2rx_clean/Trauma_X_Ray_Quiz_4_Whole_Skeleton__Q01_MERGED_base.jpg","[{""x"":1,""y"":11,""width"":48,""height"":85,""rotation"":0,""rectanglelabels"":[""ROI""],""original_width"":928,""original_height"":405},{""x"":53,""y"":26,""width"":44,""height"":60,""rotation"":0,""rectanglelabels"":[""ROI""],""original_width"":928,""original_height"":405},{""x"":57,""y"":11,""width"":36,""height"":15,""rotation"":0,""rectanglelabels"":[""ROI""],""original_width"":928,""original_height"":405}]",821.3879999999999,"Injury | No injury","Fall onto face. Painful left cheek area. OM and OM-30 views.","2026-01-24T19:32:16.691420Z"
141,"1","Injury","2026-01-24T19:32:49.769880Z","5th metatarsal base fracture.
5th metatarsal base fractures are occasionally seen on a lateral ankle view in patients with suspected ankle fractures.",889,"Trauma_X_Ray_Quiz_4_Whole_Skeleton_Q02","https://raw.githubusercontent.com/serafb/RadiologyMC-dataset/main/images-2rx_annotation/Trauma_X_Ray_Quiz_4_Whole_Skeleton__Q02_MERGED_ro.jpg","https://raw.githubusercontent.com/serafb/RadiologyMC-dataset/main/images-2rx_clean/Trauma_X_Ray_Quiz_4_Whole_Skeleton__Q02_MERGED_base.jpg","[{""x"":85,""y"":71,""width"":8,""height"":11,""rotation"":0,""rectanglelabels"":[""ROI""],""original_width"":933,""original_height"":556},{""x"":30,""y"":83,""width"":7,""height"":8,""rotation"":0,""rectanglelabels"":[""ROI""],""original_width"":933,""original_height"":556}]",63.178,"Injury | No injury","Inversion injury to ankle. Unable to bear weight. AP and lateral views.","2026-01-24T19:33:02.586238Z"
142,"1","Injury","2026-01-24T19:39:41.399948Z","Clavicle fracture.",890,"Trauma_X_Ray_Quiz_4_Whole_Skeleton_Q03","https://raw.githubusercontent.com/serafb/RadiologyMC-dataset/main/images-2rx_annotation/Trauma_X_Ray_Quiz_4_Whole_Skeleton__Q03_MERGED_ro.jpg","https://raw.githubusercontent.com/serafb/RadiologyMC-dataset/main/images-2rx_clean/Trauma_X_Ray_Quiz_4_Whole_Skeleton__Q03_MERGED_base.jpg","[{""x"":75,""y"":28,""width"":11,""height"":20,""rotation"":0,""rectanglelabels"":[""ROI""],""original_width"":935,""original_height"":300},{""x"":1,""y"":22,""width"":8,""height"":25,""rotation"":0,""rectanglelabels"":[""ROI""],""original_width"":935,""original_height"":300},{""x"":62,""y"":18,""width"":5,""height"":17,""rotation"":0,""rectanglelabels"":[""ROI""],""original_width"":935,""original_height"":300},{""x"":20,""y"":23,""width"":13,""height"":16,""rotation"":0,""rectanglelabels"":[""ROI""],""original_width"":935,""original_height"":300},{""x"":52,""y"":19,""width"":10,""height"":21,""rotation"":0,""rectanglelabels"":[""ROI""],""original_width"":935,""original_height"":300},{""x"":9,""y"":21,""width"":11,""height"":16,""rotation"":0,""rectanglelabels"":[""ROI""],""original_width"":935,""original_height"":300},{""x"":67,""y"":21,""width"":8,""height"":17,""rotation"":0,""rectanglelabels"":[""ROI""],""original_width"":935,""original_height"":300}]",416.47700000000003,"Injury | No injury","Fall on outstretched hand. Pain and restricted shoulder abduction. 2 AP clavicle views.","2026-01-24T19:39:41.399974Z"
143,"1","Injury","2026-01-24T19:41:04.322015Z","Tibial plateau fracture with lipohaemarthrosis (fat and blood in the joint).",891,"Trauma_X_Ray_Quiz_4_Whole_Skeleton_Q04","https://raw.githubusercontent.com/serafb/RadiologyMC-dataset/main/images-2rx_annotation/Trauma_X_Ray_Quiz_4_Whole_Skeleton__Q04_MERGED_ro.jpg","https://raw.githubusercontent.com/serafb/RadiologyMC-dataset/main/images-2rx_clean/Trauma_X_Ray_Quiz_4_Whole_Skeleton__Q04_MERGED_base.jpg","[{""x"":18,""y"":48,""width"":9,""height"":35,""rotation"":0,""rectanglelabels"":[""ROI""],""original_width"":1250,""original_height"":546},{""x"":75,""y"":11,""width"":16,""height"":57,""rotation"":0,""rectanglelabels"":[""ROI""],""original_width"":1250,""original_height"":546},{""x"":45,""y"":26,""width"":12,""height"":61,""rotation"":0,""rectanglelabels"":[""ROI""],""original_width"":1250,""original_height"":546},{""x"":57,""y"":14,""width"":18,""height"":67,""rotation"":0,""rectanglelabels"":[""ROI""],""original_width"":1250,""original_height"":546}]",334.272,"Injury | No injury","Fall with direct trauma to knee. Pain, swelling and reduced knee movement. AP and horizontal beam lateral views.","2026-01-24T19:48:06.666164Z"
144,"1","No injury","2026-01-24T19:41:44.014430Z","Normal elbow.
The radial head (R), medial (internal) epicondyle (I), and olecranon (O) ossification centres are still visible – they have not yet completely fused.
The ossification centres of the capitulum (C), trochlea (T), and lateral epicondyle (L) have already fused.",892,"Trauma_X_Ray_Quiz_4_Whole_Skeleton_Q06","https://raw.githubusercontent.com/serafb/RadiologyMC-dataset/main/images-2rx_annotation/Trauma_X_Ray_Quiz_4_Whole_Skeleton__Q06_MERGED_ro.jpg","https://raw.githubusercontent.com/serafb/RadiologyMC-dataset/main/images-2rx_clean/Trauma_X_Ray_Quiz_4_Whole_Skeleton__Q06_MERGED_base.jpg","[{""x"":54,""y"":49,""width"":25,""height"":43,""rotation"":0,""rectanglelabels"":[""ROI""],""original_width"":989,""original_height"":539},{""x"":12,""y"":28,""width"":28,""height"":44,""rotation"":0,""rectanglelabels"":[""ROI""],""original_width"":989,""original_height"":539}]",87.074,"Injury | No injury","14-year-old boy. Fall onto elbow. Pain and reduced movement. AP and lateral views.","2026-01-24T19:42:11.171537Z"
145,"1","Injury","2026-01-24T19:43:13.324828Z","Anterior dislocation.
The humeral head is located anterior and inferior to the glenoid fossa of the scapula. This is the typical appearance of an anteriorly dislocated glenohumeral joint.",893,"Trauma_X_Ray_Quiz_4_Whole_Skeleton_Q07","https://raw.githubusercontent.com/serafb/RadiologyMC-dataset/main/images-2rx_annotation/Trauma_X_Ray_Quiz_4_Whole_Skeleton__Q07_MERGED_ro.jpg","https://raw.githubusercontent.com/serafb/RadiologyMC-dataset/main/images-2rx_clean/Trauma_X_Ray_Quiz_4_Whole_Skeleton__Q07_MERGED_base.jpg","[{""x"":68,""y"":17,""width"":23,""height"":48,""rotation"":0,""rectanglelabels"":[""ROI""],""original_width"":925,""original_height"":483},{""x"":18,""y"":13,""width"":29,""height"":51,""rotation"":0,""rectanglelabels"":[""ROI""],""original_width"":925,""original_height"":483}]",130.88299999999998,"Injury | No injury","Injury to shoulder. Pain and reduced movement.","2026-01-24T19:43:13.324852Z"
146,"1","Injury","2026-01-24T19:44:12.623116Z","Lisfranc injury.
The DP views shows the second metatarsal bone is not aligned with the intermediate cuneiform. A small bone fragment is seen on the lateral side of the second metatarsal base.
Lateral shift of the second metatarsal base indicates injury to the Lisfranc ligament. This injury can be disabling if not identified.
The oblique image shows normal alignment and no bone abnormality.",894,"Trauma_X_Ray_Quiz_4_Whole_Skeleton_Q08","https://raw.githubusercontent.com/serafb/RadiologyMC-dataset/main/images-2rx_annotation/Trauma_X_Ray_Quiz_4_Whole_Skeleton__Q08_MERGED_ro.jpg","https://raw.githubusercontent.com/serafb/RadiologyMC-dataset/main/images-2rx_clean/Trauma_X_Ray_Quiz_4_Whole_Skeleton__Q08_MERGED_base.jpg","[{""x"":16,""y"":49,""width"":6,""height"":16,""rotation"":0,""rectanglelabels"":[""ROI""],""original_width"":924,""original_height"":744}]",87.471,"Injury | No injury","Twisting injury to foot. Pain and inability to weight bear. DP and oblique views.","2026-01-24T19:44:12.623142Z"
147,"1","Injury","2026-01-24T19:45:00.714457Z","Little finger metacarpophalangeal dislocation.
Longstanding osteoarthritis of the thumb carpometacarpal joint (CMC joint).",895,"Trauma_X_Ray_Quiz_4_Whole_Skeleton_Q10","https://raw.githubusercontent.com/serafb/RadiologyMC-dataset/main/images-2rx_annotation/Trauma_X_Ray_Quiz_4_Whole_Skeleton__Q10_MERGED_ro.jpg","https://raw.githubusercontent.com/serafb/RadiologyMC-dataset/main/images-2rx_clean/Trauma_X_Ray_Quiz_4_Whole_Skeleton__Q10_MERGED_base.jpg","[{""x"":37,""y"":51,""width"":7,""height"":11,""rotation"":0,""rectanglelabels"":[""ROI""],""original_width"":915,""original_height"":576},{""x"":71,""y"":83,""width"":8,""height"":11,""rotation"":0,""rectanglelabels"":[""ROI""],""original_width"":915,""original_height"":576},{""x"":87,""y"":43,""width"":9,""height"":12,""rotation"":0,""rectanglelabels"":[""ROI""],""original_width"":915,""original_height"":576},{""x"":21,""y"":85,""width"":7,""height"":11,""rotation"":0,""rectanglelabels"":[""ROI""],""original_width"":915,""original_height"":576}]",121.855,"Injury | No injury","Injury to finger. DP and oblique views.","2026-01-24T19:45:14.700527Z"
